<!--
   Lattice description for ALPS: tetragonal stacking of square-lattice bilayer units
  -->
  
<LATTICES>

<LATTICE name="tetragonal lattice" dimension="3">
  <PARAMETER name="a" default="1"/>
  <PARAMETER name="c" default="1"/>
  <BASIS>
    <VECTOR>a 0 0</VECTOR>
    <VECTOR>0 a 0</VECTOR>
    <VECTOR>0 0 c</VECTOR>
  </BASIS>
  <RECIPROCALBASIS>
    <VECTOR>2*pi/a 0 0</VECTOR>
    <VECTOR>0 2*pi/a 0</VECTOR>
    <VECTOR>0 0 2*pi/c</VECTOR>
  </RECIPROCALBASIS>
</LATTICE>

<UNITCELL name="bilayerunit" dimension="3">
  <VERTEX><COORDINATE>0 0 0</COORDINATE></VERTEX>
  <VERTEX><COORDINATE>0 0 0.5</COORDINATE></VERTEX>
  <EDGE type="0"><SOURCE vertex="1"/><TARGET vertex="1" offset="1 0 0"/></EDGE>
  <EDGE type="0"><SOURCE vertex="1"/><TARGET vertex="1" offset="0 1 0"/></EDGE>
  <EDGE type="0"><SOURCE vertex="2"/><TARGET vertex="2" offset="1 0 0"/></EDGE>
  <EDGE type="0"><SOURCE vertex="2"/><TARGET vertex="2" offset="0 1 0"/></EDGE>
  <EDGE type="1"><SOURCE vertex="1"/><TARGET vertex="2" offset="0 0 0"/></EDGE>
  <EDGE type="2"><SOURCE vertex="2"/><TARGET vertex="1" offset="0 0 1"/></EDGE>
</UNITCELL>

<LATTICEGRAPH name = "bilayer" vt_skip="true">
  <FINITELATTICE>
    <LATTICE ref="tetragonal lattice"/>
    <PARAMETER name="L"/>
    <PARAMETER name="W" default="L"/>
    <PARAMETER name="H" default="2"/>
    <EXTENT dimension="1" size="L"/>
    <EXTENT dimension="2" size="W"/>
    <EXTENT dimension="3" size="H"/>
    <BOUNDARY type="periodic"/>
  </FINITELATTICE>
  <UNITCELL ref="bilayerunit"/>
</LATTICEGRAPH>

</LATTICES>
